-- :::::::::::: Tablas auxiliares ::::::::::::::::

INSERT INTO DEPARTAMENTOS (IDDEPARTAMENTO, NOMBRE) VALUES (1, 'DURAZNO');
INSERT INTO DEPARTAMENTOS (IDDEPARTAMENTO, NOMBRE) VALUES (2, 'RIO NEGRO');
INSERT INTO DEPARTAMENTOS (IDDEPARTAMENTO, NOMBRE) VALUES (3, 'MALDONADO');
INSERT INTO DEPARTAMENTOS (IDDEPARTAMENTO, NOMBRE) VALUES (4, 'PAYSANDU');
INSERT INTO DEPARTAMENTOS (IDDEPARTAMENTO, NOMBRE) VALUES (5, 'RIVERA');
INSERT INTO DEPARTAMENTOS (IDDEPARTAMENTO, NOMBRE) VALUES (6, 'LAVALLEJA');
INSERT INTO DEPARTAMENTOS (IDDEPARTAMENTO, NOMBRE) VALUES (7, 'CERRO LARGO');
INSERT INTO DEPARTAMENTOS (IDDEPARTAMENTO, NOMBRE) VALUES (8, 'SAN JOSE');

INSERT INTO GENEROS (IDGENERO, NOMBRE) VALUES (1, 'HOMBRE');
INSERT INTO GENEROS (IDGENERO, NOMBRE) VALUES (2, 'MUJER');
INSERT INTO GENEROS (IDGENERO, NOMBRE) VALUES (3, 'OTRO');

INSERT INTO LOCALIDADES (IDLOCALIDAD, IDDEPARTAMENTO, NOMBRE) VALUES (1, 2, 'FRAY BENTOS');
INSERT INTO LOCALIDADES (IDLOCALIDAD, IDDEPARTAMENTO, NOMBRE) VALUES (2, 6, 'MINAS');
INSERT INTO LOCALIDADES (IDLOCALIDAD, IDDEPARTAMENTO, NOMBRE) VALUES (3, 7, 'MELO');
INSERT INTO LOCALIDADES (IDLOCALIDAD, IDDEPARTAMENTO, NOMBRE) VALUES (4, 1, 'DURAZNO');
INSERT INTO LOCALIDADES (IDLOCALIDAD, IDDEPARTAMENTO, NOMBRE) VALUES (5, 4, 'PAYSANDU');
INSERT INTO LOCALIDADES (IDLOCALIDAD, IDDEPARTAMENTO, NOMBRE) VALUES (6, 3, 'MALDONADO');
INSERT INTO LOCALIDADES (IDLOCALIDAD, IDDEPARTAMENTO, NOMBRE) VALUES (7, 5, 'RIVERA');
INSERT INTO LOCALIDADES (IDLOCALIDAD, IDDEPARTAMENTO, NOMBRE) VALUES (8, 8, 'SAN JOSE');

INSERT INTO ROLES (IDROL,DESCRIPCION) VALUES (1,'ENCARGADO');
INSERT INTO ROLES (IDROL,DESCRIPCION) VALUES (2,'TUTOR');

INSERT INTO AREAS (IDAREA, DESCRIPCION) VALUES (1, 'PROGRAMACION');
INSERT INTO AREAS (IDAREA, DESCRIPCION) VALUES (2, 'BASE DE DATOS');
INSERT INTO AREAS (IDAREA, DESCRIPCION) VALUES (3, 'INFRAESTRUCTURA');

INSERT INTO ITRS (IDITR, ACTIVO, NOMBRE, IDDEPARTAMENTO) VALUES (1, 'S', 'CENTRO-SUR',1);
INSERT INTO ITRS (IDITR, ACTIVO, NOMBRE, IDDEPARTAMENTO) VALUES (2, 'S', 'NORTE',5);
INSERT INTO ITRS (IDITR, ACTIVO, NOMBRE, IDDEPARTAMENTO) VALUES (3, 'S', 'SUR-OESTE',2);
INSERT INTO ITRS (IDITR, ACTIVO, NOMBRE, IDDEPARTAMENTO) VALUES (4, 'S', 'ESTE',6);


-- :::::::::::: Datos de Prueba ::::::::::::::::::::::::

-- Usuario Analista
INSERT INTO USUARIOS (IDUSUARIO,ACTIVO,CLAVE,CONFIRMADO,DOCUMENTO,FECHA_NACIMIENTO,MAIL_INSTITUCIONAL,MAIL_PERSONAL,USUARIO,PRIMER_APELLIDO,PRIMER_NOMBRE,SEGUNDO_APELLIDO,SEGUNDO_NOMBRE,TELEFONO,IDDEPARTAMENTO,IDGENERO,IDLOCALIDAD,IDITR,TIPO_USUARIO) VALUES (1,'S','utec.1234','S',12223331,TIMESTAMP '1988-03-11 00:00:00','juan.perez@ocho.edu','jperez@mail.com','juan.perez','Perez','Juan','Perez','Andres','099999888',1,1,4,1,'ANALISTA');

INSERT INTO ANALISTAS (FIRMADIGITAL,IDUSUARIO) VALUES ('12345aa6789',1);

INSERT INTO USUARIOS (IDUSUARIO,ACTIVO,CLAVE,CONFIRMADO,DOCUMENTO,FECHA_NACIMIENTO,MAIL_INSTITUCIONAL,MAIL_PERSONAL,USUARIO,PRIMER_APELLIDO,PRIMER_NOMBRE,SEGUNDO_APELLIDO,SEGUNDO_NOMBRE,TELEFONO,IDDEPARTAMENTO,IDGENERO,IDLOCALIDAD,IDITR,TIPO_USUARIO) VALUES (55,'S','utec.1234','S',51115551,TIMESTAMP '1975-04-24 00:00:00','pablo.marmol@ocho.edu','pabmar@mail.com','pablo.marmol','Marmol','Pablo','Petro','Daniel','099121212',1,1,4,4,'ANALISTA');

INSERT INTO ANALISTAS (FIRMADIGITAL,IDUSUARIO) VALUES ('12345aa6789',55);


-- Usuario Estudiante
INSERT INTO USUARIOS (IDUSUARIO,ACTIVO,CLAVE,CONFIRMADO,DOCUMENTO,FECHA_NACIMIENTO,MAIL_INSTITUCIONAL,MAIL_PERSONAL,USUARIO,PRIMER_APELLIDO,PRIMER_NOMBRE,SEGUNDO_APELLIDO,SEGUNDO_NOMBRE,TELEFONO,IDDEPARTAMENTO,IDGENERO,IDLOCALIDAD,IDITR,TIPO_USUARIO) VALUES (2,'S','utec.1234','S',21112223,TIMESTAMP '1992-02-05 00:00:00','lila.esposito@ocho.edu','lalita@mail.com','lila.esposito','Esposito','Lila','Perez','Andrea','099999111',1,1,4,2,'ESTUDIANTE');

INSERT INTO ESTUDIANTES (GENERACION,SEMESTRE,IDUSUARIO) VALUES ('2020',2,2);

INSERT INTO USUARIOS (IDUSUARIO,ACTIVO,CLAVE,CONFIRMADO,DOCUMENTO,FECHA_NACIMIENTO,MAIL_INSTITUCIONAL,MAIL_PERSONAL,USUARIO,PRIMER_APELLIDO,PRIMER_NOMBRE,SEGUNDO_APELLIDO,SEGUNDO_NOMBRE,TELEFONO,IDDEPARTAMENTO,IDGENERO,IDLOCALIDAD,IDITR,TIPO_USUARIO) VALUES (5,'S','utec.1234','S',55554445,TIMESTAMP '2001-12-11 00:00:00','marcelo.tinelli@ocho.edu','elcabezon@mail.com','marcelo.tinelli','Tinelli','Marcelo','Nuñez','Lorenzo','099555444',1,1,4,3,'ESTUDIANTE');

INSERT INTO ESTUDIANTES (GENERACION,SEMESTRE,IDUSUARIO) VALUES ('2022',1,5);

INSERT INTO USUARIOS (IDUSUARIO,ACTIVO,CLAVE,CONFIRMADO,DOCUMENTO,FECHA_NACIMIENTO,MAIL_INSTITUCIONAL,MAIL_PERSONAL,USUARIO,PRIMER_APELLIDO,PRIMER_NOMBRE,SEGUNDO_APELLIDO,SEGUNDO_NOMBRE,TELEFONO,IDDEPARTAMENTO,IDGENERO,IDLOCALIDAD,IDITR,TIPO_USUARIO) VALUES (6,'S','utec.1234','S',66662226,TIMESTAMP '1962-01-05 00:00:00','moria.casan@ocho.edu','lamoria@mail.com','moria.casan','Casan','Moria','Medina','Maria','099999666',1,2,4,1,'ESTUDIANTE');

INSERT INTO ESTUDIANTES (GENERACION,SEMESTRE,IDUSUARIO) VALUES ('2019',5,6);


-- Usuario Tutor
INSERT INTO USUARIOS (IDUSUARIO,ACTIVO,CLAVE,CONFIRMADO,DOCUMENTO,FECHA_NACIMIENTO,MAIL_INSTITUCIONAL,MAIL_PERSONAL,USUARIO,PRIMER_APELLIDO,PRIMER_NOMBRE,SEGUNDO_APELLIDO,SEGUNDO_NOMBRE,TELEFONO,IDDEPARTAMENTO,IDGENERO,IDLOCALIDAD,IDITR,TIPO_USUARIO) VALUES (3,'S','utec.1234','S',31212123,TIMESTAMP '1963-08-17 00:00:00','oscar.tabarez@ocho.edu','elmaestro@mail.com','oscar.tabarez','Tabarez','Oscar','Suarez','Washington','099999122',1,1,4,1,'TUTOR');

INSERT INTO TUTORES (IDAREA,IDROL,IDUSUARIO) VALUES (3,1,3);

INSERT INTO USUARIOS (IDUSUARIO,ACTIVO,CLAVE,CONFIRMADO,DOCUMENTO,FECHA_NACIMIENTO,MAIL_INSTITUCIONAL,MAIL_PERSONAL,USUARIO,PRIMER_APELLIDO,PRIMER_NOMBRE,SEGUNDO_APELLIDO,SEGUNDO_NOMBRE,TELEFONO,IDDEPARTAMENTO,IDGENERO,IDLOCALIDAD,IDITR,TIPO_USUARIO) VALUES (4,'S','utec.1234','S',32111222,TIMESTAMP '1981-10-05 00:00:00','fabian.coito@ocho.edu','otromaestro@mail.com','fabian.coito','Coito','Fabian','Garcia','Palito','099999133',1,1,4,2,'TUTOR');

INSERT INTO TUTORES (IDAREA,IDROL,IDUSUARIO) VALUES (3,2,4);
